0,3_test_imagesa/82251432_c0f7_4d4d_956a_0639d12969eb.JPG
1,3_test_imagesa/22899bd8_21f3_460d_a7e0_f93e17e7f975.jpg
2,3_test_imagesa/9b69476c_3098_475c_b696_1d01799fc92b.jpg
3,3_test_imagesa/6e44cea8_8325_4c62_a281_33c8a4c721b4.jpg
4,3_test_imagesa/750c94d3_da5b_4320_aafa_d4d49d2b5631.jpg
5,3_test_imagesa/e26c8adc_cb88_4af2_918a_1a0275d39ced.jpg
6,3_test_imagesa/4ae88569_994d_4641_a7ac_dbe1fce93b3b.jpg
7,3_test_imagesa/791d3f60_e163_4207_af94_c98eb95051a2.jpg
8,3_test_imagesa/1247aed4_4774_43dc_bc08_74c418cf4248.jpg
9,3_test_imagesa/4ea1060b_0a80_48e9_812b_748cbda69a25.jpg
10,3_test_imagesa/3094aaeb_62c1_4562_932d_547debe9b19c.jpg
11,3_test_imagesa/7f1020c3_2868_4036_92d7_372751c94272.jpg
12,3_test_imagesa/9111d59b_6ca8_4344_8447_d1c312448e0d.JPG
13,3_test_imagesa/7ab6e870_c4ae_45b6_a52a_5f72bb6e511c.jpg
14,3_test_imagesa/12649cbb_c979_4355_ade2_a7cfc0804b0d.jpg
15,3_test_imagesa/9360fd17_f4f6_485f_90be_30f9063d5702.JPG
16,3_test_imagesa/8e17e76a_9182_4a04_a292_f46c1306f3d6.JPG
17,3_test_imagesa/7dd2f007_8ac3_4739_be17_d4ba60e85fc9.JPG
18,3_test_imagesa/b3578eca_1875_4bce_8398_eff1874a9940.jpg
19,3_test_imagesa/b20828b0_856e_4030_84d3_27df39bfa2e1.JPG
20,3_test_imagesa/73b0bd03_a384_4237_bfcf_094b947f8b21.jpg
21,3_test_imagesa/0c6372d7_0dea_43e7_aec1_3e6f848f2a89.jpg
22,3_test_imagesa/799f04d0_36fc_4807_837a_0e01f5656471.jpg
23,3_test_imagesa/9b766831_64f2_40f3_bf63_039da3c46364.jpg
24,3_test_imagesa/3c34118d_82e4_4bba_8cd2_e74b830b07e8.jpg
25,3_test_imagesa/cac4ae3f_1e2c_419b_a76f_117d7ee87ef4.JPG
26,3_test_imagesa/fc2b1413_e628_4b03_bdc7_d043b6891537.jpg
27,3_test_imagesa/8dad15b3_a017_4db3_bb17_ccf0c9ac8759.jpg
28,3_test_imagesa/9362d5d2_5933_4455_bba5_4282a69e391d.jpg
29,3_test_imagesa/52caa59c_61a5_413e_8d8b_0530834f0b4d.jpg
30,3_test_imagesa/eba494a7_5c10_4b6e_9bbc_40ce986e2934.jpg
31,3_test_imagesa/5651d5d6_cf05_4511_a093_96e351d4f5d6.JPG
32,3_test_imagesa/98ef8bd9_3b32_42fd_a277_bf861c9cea1b.JPG
33,3_test_imagesa/5e1baaa1_6931_4c2b_af3c_c50900064563.jpg
34,3_test_imagesa/4fa84bf3_0836_4ac6_b1fb_ff7bb9529b34.JPG
35,3_test_imagesa/950d20e4_8494_4b95_b2ec_803dc7bb011c.jpg
36,3_test_imagesa/9f18f257_6053_4a19_8422_44602a7675a2.jpg
37,3_test_imagesa/f1342bbd_750f_4bc9_8afc_abe0c4a213a3.JPG
38,3_test_imagesa/26997325_963e_4329_8284_0910e901d809.jpg
39,3_test_imagesa/2f4227cd_9584_42d8_9e0c_0f163fe55abd.jpg
40,3_test_imagesa/e58ac12a_3b0f_4232_b6c0_23dd26b1aa15.jpg
41,3_test_imagesa/1a412152_e89e_4a9d_bd3e_75ee52ee898e.JPG
42,3_test_imagesa/0d0ffd5b_a1ed_46ca_93c8_c13f04458399.jpg
43,3_test_imagesa/4c3c60db_e85d_4517_ae04_665fa44656c5.JPG
44,3_test_imagesa/e58406f0_d499_40b1_946d_b61c30761238.jpg
45,3_test_imagesa/b06490e8_849e_48aa_8fa2_44ecb2deb2b3.jpg
46,3_test_imagesa/64869922_2d3d_47cb_a0f0_f5a9c87719a2.JPG
47,3_test_imagesa/de4ddae2_42fb_491e_9d55_bd1aef212dc1.jpg
48,3_test_imagesa/39e4d661_a80b_4104_829d_1c10c0450531.jpg
49,3_test_imagesa/feff0324_2c70_4959_a304_89bcb9d37e55.jpg
50,3_test_imagesa/7dd0a2c3_b2b3_4730_bf06_f3ee88992c08.JPG
51,3_test_imagesa/1fd0c7cf_ef70_46aa_bfaf_e18dc2556384.JPG
52,3_test_imagesa/c2d913cc_1427_4b1d_862d_8091e1d4744d.jpg
53,3_test_imagesa/13387dcd_3983_4cef_8670_ef5b78868823.jpg
54,3_test_imagesa/818f24ff_0103_4b29_a2e5_501856669e0d.jpg
55,3_test_imagesa/e8d5278e_ac13_4876_9e6a_04291078e8e9.JPG
56,3_test_imagesa/88d65601_9b6d_4503_a582_1909e132ad0e.JPG
57,3_test_imagesa/e430bbb0_e732_48e2_b906_09890541c73a.JPG
58,3_test_imagesa/029f7009_b212_4abc_9b9d_7128e551b777.jpg
59,3_test_imagesa/e396d8dd_3f19_486c_8d7f_680ce0aac40e.jpg
60,3_test_imagesa/cd0f2275_177d_4a3d_bafe_ee8de53bb6b7.jpg
61,3_test_imagesa/5341e73f_a2e8_4438_a05e_6c20f4567b46.JPG
62,3_test_imagesa/8e84c3fa_b28b_4f64_965c_116df8b8f41a.JPG
63,3_test_imagesa/f035bc9d_4dac_4dbf_a081_a6fd83d1c827.jpg
64,3_test_imagesa/0d605c8c_a3de_4dbb_9d21_3cab64e65fa8.jpg
65,3_test_imagesa/37cadcd3_3b88_476b_aa3e_6851a378b6bc.jpg
66,3_test_imagesa/30c7163e_6655_4d48_9d61_9beeedf20623.jpg
67,3_test_imagesa/f50d7ec5_98f6_4da0_a266_54ff1294a12a.jpg
68,3_test_imagesa/7a14a74b_0901_44ca_829b_a2e2f24cc56a.JPG
69,3_test_imagesa/64fd99bc_9d91_4864_893e_fd9de071cbb3.jpg
70,3_test_imagesa/2ff2242b_7768_4ff5_8cb2_f31aea507a2a.jpg
71,3_test_imagesa/e5b93d54_f400_4e52_a992_0e4020dd6c78.jpg
72,3_test_imagesa/96620a5f_d333_48f1_b609_5cb189c9311a.jpg
73,3_test_imagesa/1bcb2c20_06e0_4035_a49a_c386da6164cf.jpg
74,3_test_imagesa/e2f89cd3_ee98_45ce_878f_b3168979c4bd.jpg
75,3_test_imagesa/5b3d9882_dfd4_4f1b_9c73_93c31babdb45.JPG
76,3_test_imagesa/4f0dc1e9_b0e5_41cf_9b8e_e2db2deb9462.jpg
77,3_test_imagesa/a2cb1541_57c1_47c3_ad2b_133421f11e2b.jpg
78,3_test_imagesa/c61fa851_a864_4bef_b36c_f8f0f770a57c.jpg
79,3_test_imagesa/a73703af_c5e1_40bc_b55b_ba92a9e948ee.jpg
80,3_test_imagesa/b3c878d6_4317_4ec3_bd91_f7cfd8b7a2d8.jpg
81,3_test_imagesa/7cada5d8_d92d_4391_af37_0839a4e38eae.jpg
82,3_test_imagesa/ff82b2dd_37bf_46b1_a640_5e83e31b3a48.jpg
83,3_test_imagesa/10748b57_346f_4895_9222_f6d75ec88ad0.jpg
84,3_test_imagesa/dfbab00b_bbe8_4f07_80d4_02c3fd3c9de5.jpg
85,3_test_imagesa/8d46ab31_4c5b_4f82_87f2_63230e32c2f2.png
86,3_test_imagesa/014ecf0d_30b1_4ec8_b753_fe3a8e4177b4.jpg
87,3_test_imagesa/ebdf4001_7b15_4fc1_a996_f929376816bb.jpg
88,3_test_imagesa/250e7ec8_3272_497b_a93f_7a51b0083a24.JPG
89,3_test_imagesa/e8bbbb5e_f8d4_455e_9b52_888159d58980.JPG
90,3_test_imagesa/6cae74b8_5e9c_4879_9110_2f576f5ab286.jpg
91,3_test_imagesa/1b84428c_f026_4915_ad32_21561e1c17f5.jpg
92,3_test_imagesa/295ecfec_56a5_4906_88b3_c7c06a511870.jpg
93,3_test_imagesa/4935d2cc_8f84_4a73_b4ed_cbcc528b5741.jpg
94,3_test_imagesa/6b987c57_4f36_4c38_8988_5338f75b8240.JPG
95,3_test_imagesa/07e4760b_ae46_4fbf_b98a_5690b28d0dee.jpg
96,3_test_imagesa/b8a9d4c3_e3fb_466d_9273_eb957039d790.JPG
97,3_test_imagesa/1354f14b_48bd_44d9_ac33_13b155ff85f8.png
98,3_test_imagesa/317b9276_9657_4391_964a_5625e8dc1cc5.jpg
99,3_test_imagesa/702ed987_8d55_4ab4_ad6a_9a2002739325.JPG
100,3_test_imagesa/72e84ac1_5960_4c7f_bbb1_727a1d5bcca4.jpg
101,3_test_imagesa/93dec679_ef5a_4fef_96ff_0e8267af78bf.jpg
102,3_test_imagesa/85dc8cc2_dc58_4c5a_9ab7_b8580360aceb.jpg
103,3_test_imagesa/1783f12d_2e9f_4b68_ae48_c8d88f1360bd.jpg
104,3_test_imagesa/9d853828_18f9_4624_824f_9302571b3cc7.jpg
105,3_test_imagesa/eec11c38_5bd8_4111_a0f0_2a456c439ff5.JPG
106,3_test_imagesa/7511803d_9c01_4670_a5aa_e47e8a55afdf.JPG
107,3_test_imagesa/ba4d214d_e021_48db_9eac_2eab614e960f.JPG
108,3_test_imagesa/bf8c84d6_c388_4277_b003_761d3d1c3b8e.jpg
109,3_test_imagesa/51202359_dbbe_405b_9d8a_5a73a050b5a2.JPG
110,3_test_imagesa/7e3fb16d_c20f_49aa_9ac9_9a21a23d1be1.jpg
111,3_test_imagesa/3038a2ab_429f_4f8d_a0a3_82739842d614.jpg
112,3_test_imagesa/de18438b_bb06_4bd2_a9d3_b97be23c4c0d.JPG
113,3_test_imagesa/d87d9ad5_87a9_4bd5_b734_419b067b18dc.jpg
114,3_test_imagesa/d5352904_9e1e_4212_8622_9202c769bba4.jpg
115,3_test_imagesa/64586b5a_a433_4a81_a7ef_f68f01535a02.jpg
116,3_test_imagesa/ef600393_007e_40bf_9e9c_dbce208b2ef3.jpg
117,3_test_imagesa/99e6a260_4e91_4f4b_8a98_ea89180214be.jpg
118,3_test_imagesa/55aa9a91_2f8d_44ab_86f8_25eff8c2fb69.jpg
119,3_test_imagesa/fb49ebf4_f220_4f29_b200_8508404ac916.jpg
120,3_test_imagesa/f3dd4567_b9a0_4670_baf4_60982dc8ad5a.jpg
121,3_test_imagesa/d87a437d_3e68_482d_94bb_4103cd84e050.JPG
122,3_test_imagesa/88b286b1_dc74_4cd0_b6b1_29ce9064749b.jpg
123,3_test_imagesa/6fa076a7_c1a6_4b8e_9996_92a91a19584b.jpg
124,3_test_imagesa/313a870e_4875_426c_92a3_633316575dc1.jpg
125,3_test_imagesa/dbf54c13_06e8_4b14_9632_2765e85ea116.jpg
126,3_test_imagesa/0a52d61f_c53f_4f8e_9984_6f903141b174.JPG
127,3_test_imagesa/22230fce_0e8c_441d_8f80_4c36729b18be.jpg
128,3_test_imagesa/4af7de13_fe8e_4da3_bdef_c5639db9e33f.JPG
129,3_test_imagesa/570cd85b_3483_43d9_baea_e085f5236919.jpg
130,3_test_imagesa/f03bd43c_ab3e_4718_8cbb_8dcfd6411e2b.jpg
131,3_test_imagesa/e66ce0d9_56b8_4359_a152_699765d269da.jpg
132,3_test_imagesa/77d8131b_cf5d_4b57_861f_fa8540ad0beb.jpg
133,3_test_imagesa/cca095c5_1eb2_4118_965c_b96612255a58.JPG
134,3_test_imagesa/8405ad2b_1c81_46fe_b80a_620a7b08901a.jpg
135,3_test_imagesa/563fada5_6795_4f6c_ba15_a74da2915da7.JPG
136,3_test_imagesa/2fa35ff1_0775_459f_9919_9e612b5e0cb7.JPG
137,3_test_imagesa/7612a9d3_d7d6_4b64_bbe3_8d2f22a725dd.JPG
138,3_test_imagesa/e44cee4c_0c87_45c2_b6c4_5f328fafda17.jpg
139,3_test_imagesa/e9d6ef5b_8531_4e46_99a1_321c56abd6b4.JPG
140,3_test_imagesa/60a49acd_1c05_4fed_aa96_08f4e34c38be.JPG
141,3_test_imagesa/3834b1d4_6918_4525_ac5d_2a55debfc776.jpg
142,3_test_imagesa/b19dc696_9a3e_402b_82fd_f58589c5995c.JPG
143,3_test_imagesa/7ff996ce_bff1_4680_be0d_c8c979b0380f.jpg
144,3_test_imagesa/b026ea06_6254_49c3_a4ac_7663761eba63.jpg
145,3_test_imagesa/2fda0bf6_09fb_4291_bf25_743d692f931b.jpg
146,3_test_imagesa/14cf16b1_3cb9_41a3_af30_728624edd92e.jpg
147,3_test_imagesa/33713a44_c668_4d11_97c8_431976ad584c.JPG
148,3_test_imagesa/6c0f1e88_ccf7_4438_a944_ff30e0818bfa.jpg
149,3_test_imagesa/f11a902e_977f_4203_8444_abb2d1e65930.jpg
150,3_test_imagesa/fb142672_8952_4e9d_b33b_29f0efec70fe.jpg
151,3_test_imagesa/e13a8a6b_e7b6_4519_8189_78b3f2cd61ec.JPG
152,3_test_imagesa/98d60e47_ce79_468b_bb1e_88ee43bccf13.JPG
153,3_test_imagesa/390d1655_952d_4166_9ae0_ba9fdbab6c07.jpg
154,3_test_imagesa/e56438b2_35f9_4c27_a11c_1ae1c8bd12f1.jpg
155,3_test_imagesa/ab15b2c8_71a2_491e_a75d_4ae3c5b400bc.jpg
156,3_test_imagesa/feed2897_fbb1_4ae2_8de3_8d277cc5aa7d.jpg
157,3_test_imagesa/4481c0a0_e3aa_47ce_88d8_1089538e6d77.jpg
158,3_test_imagesa/ffe7193f_50d5_4edd_8bd8_2f9766dc171c.JPG
159,3_test_imagesa/f20a4c00_2d2f_40b1_b871_7e8155319376.jpg
160,3_test_imagesa/bfa7b492_5497_4342_95c3_4e2733e94eb9.jpg
161,3_test_imagesa/7b96567d_6b68_4521_ad73_bbc04e9be275.JPG
162,3_test_imagesa/894b2070_58d0_473f_b5e4_0fca708039bc.jpg
163,3_test_imagesa/6528e234_ebf6_4b51_b4e9_9ec1150e62e2.jpg
164,3_test_imagesa/af9e6763_7e3d_4c3b_aa5b_bbc7411bee49.JPG
165,3_test_imagesa/3ccf1883_2403_4249_8225_65330fcd4c87.jpg
166,3_test_imagesa/5bd7ebb0_3804_4076_89e1_f9c50948362a.jpg
167,3_test_imagesa/2510448d_7dcb_4bb6_8a46_7e0c048c2ad7.jpg
168,3_test_imagesa/5b4ccbfc_2190_4fc0_94be_1c3027c5b3b8.JPG
169,3_test_imagesa/59ae0173_553d_4141_bc75_e7163af491aa.jpg
170,3_test_imagesa/d65a68b0_ce44_4acb_8a62_08c24ad2d565.jpg
171,3_test_imagesa/6a91c36b_434b_4260_9f48_d5dcd0237144.jpg
172,3_test_imagesa/0c3756b8_0626_492c_8dc2_4507d96c5064.jpg
173,3_test_imagesa/8264c519_6aa4_40e7_b955_94217b8bcda2.jpg
174,3_test_imagesa/a4f7333c_e158_4b4f_a5d2_229f53d8a644.jpg
175,3_test_imagesa/4005354e_582c_4c00_a885_2c68ffd7e31a.jpg
176,3_test_imagesa/267eec51_0b58_4897_b905_1a38b6b1ec21.JPG
177,3_test_imagesa/3143e123_3eec_4f56_9a72_57b6f325c21d.jpg
178,3_test_imagesa/b74751b9_aea9_4202_b211_968d1eeb2491.jpg
179,3_test_imagesa/cd75874f_7567_4c16_9d7d_d49f2e295726.jpg
180,3_test_imagesa/cc35bd0e_4766_420b_aaaf_1d8f42683893.jpg
181,3_test_imagesa/0c765ab8_86e7_4423_99a7_446aad0760f7.jpg
182,3_test_imagesa/5e4eab47_0e04_4b9f_ac02_b0714292ae3f.jpg
183,3_test_imagesa/10f62df1_9dfd_4024_b0e0_28dc5eb4b695.jpg
184,3_test_imagesa/60d6a986_2a3e_4dd1_81eb_783a43438df1.JPG
185,3_test_imagesa/6078b060_0d0b_4994_876f_b8006a937179.JPG
186,3_test_imagesa/50dc8d3a_fdd6_4089_8bc8_bc20ee59f0b7.jpg
187,3_test_imagesa/5cccb714_0f0f_428e_8458_c7d79139ecc2.JPG
188,3_test_imagesa/c0026a3c_1391_4a1c_92b4_1c9e1e358e9b.JPG
189,3_test_imagesa/44ab547b_591b_4490_92ca_29a1c89cbe91.JPG
190,3_test_imagesa/c64420f0_c5ee_4906_acca_ec1a85f3d6cc.jpg
191,3_test_imagesa/6dcdb41a_9b40_4d20_a4e6_38849a259dc3.JPG
192,3_test_imagesa/00401968_59bc_4b44_b0a9_f360daae2f30.jpg
193,3_test_imagesa/58b967f7_c29c_4fe6_8b91_e9cdd986b954.JPG
194,3_test_imagesa/130bb124_2046_44dd_9044_ca3aff3e0340.jpg
195,3_test_imagesa/b791efbe_9946_4fae_b209_7d60bf839173.png
196,3_test_imagesa/1b8b409d_fb13_42b8_9090_013ddaab8ae3.jpg
197,3_test_imagesa/a2a11a97_7e88_43e9_a43f_f10acdb96980.JPG
198,3_test_imagesa/03ae5c66_8744_4b3f_b28b_4e460169150b.jpg
199,3_test_imagesa/05beb17d_1dcd_4781_b8cc_7c669dcf21c1.JPG
200,3_test_imagesa/32641cf0_74cd_4b13_8d55_2d5195bf279f.jpg
201,3_test_imagesa/59270ea0_9b8d_4d70_9cd7_cc12ceae10fc.jpg
202,3_test_imagesa/94f7016d_d17e_4db9_a40e_856bfcfb38f7.jpg
203,3_test_imagesa/8ff9f101_a543_4c4e_8bc6_c365de4e0b78.jpg
204,3_test_imagesa/7e7c55bf_45d4_4eff_a6a6_9738a0f03efb.JPG
205,3_test_imagesa/004aa82d_fa1b_451e_8368_02af5c46df73.JPG
206,3_test_imagesa/09eb4802_92a9_4697_a18a_a0170e846730.jpg
207,3_test_imagesa/d26395b0_fbb6_4449_b67a_b35ddbcb1675.JPG
208,3_test_imagesa/7f275f28_047f_43fa_b058_0c8054b76f46.jpg
209,3_test_imagesa/43e1aedb_c690_41dc_ad79_fcbf7ff49bf8.JPG
210,3_test_imagesa/64f2390e_be85_4a70_a843_96544e276f8c.JPG
211,3_test_imagesa/5ffd8a9b_969d_41b0_b0b1_2a33567c3fcc.jpg
212,3_test_imagesa/50bbe5e5_3708_48da_9fbe_99b2d78b899a.JPG
213,3_test_imagesa/ebc182d4_24be_4cdf_8d4a_6463de323c2d.JPG
214,3_test_imagesa/10fcff73_46c8_4bfd_a260_6878f8ebe21c.jpg
215,3_test_imagesa/ce3450f9_2376_4252_bbfa_32e4a8aac419.jpg
216,3_test_imagesa/5824e548_ee7c_4280_8008_f9dcadd15ab2.jpg
217,3_test_imagesa/487d250e_afad_416a_908c_e599e3e3b87c.jpg
218,3_test_imagesa/d5554b44_3d46_47a2_b338_f6738dc60556.jpg
219,3_test_imagesa/ce1143b5_6d09_4c8d_aa54_d7509dc22ef2.JPG
220,3_test_imagesa/d0611a4e_01d4_43b7_a142_d7695608ce4d.jpg
221,3_test_imagesa/aa1dba73_893b_46c6_b7e5_28db7742aece.JPG
222,3_test_imagesa/e3e9f9db_a346_445e_b2cc_6dea308a78f7.jpg
223,3_test_imagesa/110d6d5b_ce31_4fe3_81bb_375e5979a03b.JPG
224,3_test_imagesa/bc630acf_a22b_47bf_b97f_a951dd0230fd.jpg
225,3_test_imagesa/0045efd5_71c1_4818_9525_0bb38abb553e.jpg
226,3_test_imagesa/4cda5cec_3c94_4c5b_9833_7f7bfd5bd79d.JPG
227,3_test_imagesa/c381aa4c_a060_4a18_a3be_461cbc1eb15c.jpg
228,3_test_imagesa/990a7dbf_c997_4967_ab21_a331359ff0f9.jpg
229,3_test_imagesa/7efae581_5d01_4828_b003_7bda2f1ce946.jpg
230,3_test_imagesa/91dd0f70_e7d7_422f_b59c_2e6afd25a6da.jpg
231,3_test_imagesa/b7ad16fd_538b_4752_a10a_463c6c65b4b7.JPG
232,3_test_imagesa/4841b5da_7b7e_4c34_b173_26a3b9e0f8bf.jpg
233,3_test_imagesa/7a81abfd_9f17_420b_8afd_7f1ccb9dd48c.JPG
234,3_test_imagesa/ae068dd0_afe7_48ef_b286_2bc38bca2f4d.JPG
235,3_test_imagesa/86217948_7370_40e5_a4b0_eb854186b1d4.jpg
236,3_test_imagesa/d83d0641_c95f_400c_9b00_36dfc13b0df0.JPG
237,3_test_imagesa/3c119133_a1ff_4dfb_8192_415d2910da33.jpg
238,3_test_imagesa/2f719fe7_72cb_4a83_aeb9_a6a74958497c.JPG
239,3_test_imagesa/591c3c44_200a_4443_9a3e_43ff65ccb727.JPG
240,3_test_imagesa/1d8a8231_56b3_402b_9b86_6d18c5088ad9.jpg
241,3_test_imagesa/5971019a_d817_49a3_b959_a0cdd02bd0df.jpg
242,3_test_imagesa/01e2465f_d4e1_4d2d_baee_53cf2183c7f3.JPG
243,3_test_imagesa/7313e50b_eecf_4eee_96d7_2275f096b175.jpg
244,3_test_imagesa/4b5ff31b_cb4b_40bd_ba56_67016b3e4baf.JPG
245,3_test_imagesa/f9655742_22e8_4457_8b56_dabadd0fffb3.JPG
246,3_test_imagesa/766cbe2f_987b_4faf_8fd9_2ac383f91397.JPG
247,3_test_imagesa/96e0705b_95b3_4458_a4be_0d4b7a7d109a.jpg
248,3_test_imagesa/6543b4f8_57ee_4079_af7e_ea7444bfa7a8.jpg
249,3_test_imagesa/bb73ab82_9852_4d67_b7b0_04334c6551d7.jpg
250,3_test_imagesa/cbdaab24_4446_4d88_9a26_6f884318a6d1.jpg
251,3_test_imagesa/4a99a169_da84_44a5_9435_16fb2b61f85e.jpg
252,3_test_imagesa/ea1b2490_5829_4c59_9ec4_61b9a54b9abf.jpg
253,3_test_imagesa/455cfde0_c5f8_4bac_9dd4_e5ee29b159dd.jpg
254,3_test_imagesa/6d0097f6_3f86_4d62_9339_98014a5b3147.jpg
255,3_test_imagesa/54ab18af_e204_44bc_8fbe_9d67145d8b07.jpg
256,3_test_imagesa/b5575879_321a_4121_8857_5445e549fe3f.jpg
257,3_test_imagesa/7134a034_0d62_4a2c_a81a_21ff3cdde9ee.JPG
258,3_test_imagesa/2d845f2b_d5a3_4b6f_b6a0_2ce6b9812294.JPG
259,3_test_imagesa/c2fc5068_80c6_445a_976f_092f45d507c0.JPG
260,3_test_imagesa/74b9cc6d_6e8b_404c_ac94_30e87a0169d3.jpg
261,3_test_imagesa/b6e6f5b7_8ddc_4060_bd7f_49e23ad00faa.jpg
262,3_test_imagesa/5b942f0b_cf86_4388_8403_920b3faf5d34.jpg
263,3_test_imagesa/41e925cd_b5db_4bac_81f5_3ee880141238.jpg
264,3_test_imagesa/ae7692c5_458c_497c_bfc1_50aa143aa8a5.jpg
265,3_test_imagesa/c545d091_3502_43b5_b169_5c9b3872567e.jpg
266,3_test_imagesa/b05da6bf_ef8d_40a4_88cf_f98fc30f58a6.jpg
267,3_test_imagesa/ce5851e3_ce1e_40c2_baf2_1c07c6fe6eed.JPG
268,3_test_imagesa/4fffc3ca_27b3_4db1_ad9b_7c27b4cf8f6c.jpg
269,3_test_imagesa/3c8647b6_bdc0_4edd_82ef_e4c00d5ad5fa.jpg
270,3_test_imagesa/7ce3be1e_3281_412f_86bc_86b794c71eb2.jpg
271,3_test_imagesa/5f37eeac_1ac5_40de_b746_b8066dbc822d.jpg
272,3_test_imagesa/de9223b2_e9dd_43aa_8843_d319d435ff4a.jpg
273,3_test_imagesa/9e02b6d0_0ea7_4077_880b_ba38e3f95a21.JPG
274,3_test_imagesa/ae237765_0614_4b97_a62e_bdb1fc5d9cc9.jpg
275,3_test_imagesa/139b0af3_d5f5_49a9_8b9f_6641dae2e25b.jpg
276,3_test_imagesa/edd894d9_68e8_4746_a79a_90586861ac5b.JPG
277,3_test_imagesa/563ac816_9e39_4d4d_8486_35ce7d1284be.jpg
278,3_test_imagesa/7a8c46d6_feb7_4caf_be47_6cfe97a92d85.jpg
279,3_test_imagesa/f0639aee_4d1d_463f_ba25_37355fb3b2e6.jpg
280,3_test_imagesa/50537a18_f5c9_4b7f_9706_c42dece057fd.JPG
281,3_test_imagesa/8c5494bb_b482_4b1b_b92b_aa719e629b3e.jpg
282,3_test_imagesa/72aae439_21c3_4e3c_98f3_4047dcc9f7b1.jpg
283,3_test_imagesa/d38e6f6f_c15e_4ffb_a97b_3edbdb4a9302.jpg
284,3_test_imagesa/794e605e_3e54_444c_9a11_1230be595670.JPG
285,3_test_imagesa/64ab9419_05c7_4e30_b0e9_5a0d960049ef.jpg
286,3_test_imagesa/35d72a13_251b_401f_ace2_665d70793e49.jpg
287,3_test_imagesa/e6d902af_c7e7_4578_95cc_6e2c05407e6b.JPG
288,3_test_imagesa/d95a0649_8e86_4e70_b2a8_eac0a937a541.jpg
289,3_test_imagesa/906700b1_a49f_4c35_a122_5ed73ab11995.jpg
290,3_test_imagesa/0fc68495_569c_4464_9b37_5c8d4d495786.JPG
291,3_test_imagesa/bba5b315_fbca_4127_8025_28129de2c5d0.png
292,3_test_imagesa/e364c6ef_8a94_4741_9de9_d81742facf8c.jpg
293,3_test_imagesa/159ed83c_b890_438f_bf7c_23f012012e1e.PNG
294,3_test_imagesa/9ba5f03f_c686_471a_b845_68ce35948a6c.jpg
295,3_test_imagesa/3121f2c6_0af6_409e_912e_6cfd20dd1846.JPG
296,3_test_imagesa/28ac583b_bc56_47d8_a5b6_a1bbdb12eb9b.JPG
297,3_test_imagesa/63f85801_358e_4702_9fe2_3da3505e2188.jpg
298,3_test_imagesa/a0fc04b1_eddd_45c4_8cf7_0fe8335b8eda.jpg
299,3_test_imagesa/f2f0f626_52f0_497f_9240_7c643a6be8f4.JPG
300,3_test_imagesa/17135c07_07ef_408a_8e29_c852c7ec8e3b.JPG
301,3_test_imagesa/2bd04c01_cbe5_4595_86d8_d33529a87654.jpg
302,3_test_imagesa/a0c8d907_e925_44bc_a742_3493b9ee7dd5.jpg
303,3_test_imagesa/4e852c33_39e8_4870_abc4_9a454a076157.jpg
304,3_test_imagesa/62c44d44_7693_44a8_affe_38c6852622cf.jpg
305,3_test_imagesa/855d32b2_383f_4954_bde7_1fe52fb43d6b.JPG
306,3_test_imagesa/e2f0ddd3_e844_470e_83e2_bc0d32ca772d.jpg
307,3_test_imagesa/b415ebfa_ca70_4df5_a3e0_2bea85682294.jpg
308,3_test_imagesa/fb40b776_bb7f_41db_be9b_fd6ae9659c1b.JPG
309,3_test_imagesa/f6292d20_3cd6_4630_80c7_184b3ef6409f.jpg
310,3_test_imagesa/ce100711_64fd_45a7_9fdd_3a8ea5b84e2a.jpg
311,3_test_imagesa/5d6668e9_436a_489d_abd9_db029f78cf31.JPG
312,3_test_imagesa/497114b1_2963_4346_b1d5_f55cd6c7ea6b.jpg
313,3_test_imagesa/af1e4307_0a07_44c4_9864_5123470ead26.JPG
314,3_test_imagesa/64b74efe_a1c3_4413_b7fd_35167d242209.jpg
315,3_test_imagesa/c6b1489c_aa82_42eb_9cf0_33d0a126fc22.JPG
316,3_test_imagesa/4f6a1185_a7a1_4e6b_8ae5_53782b50916a.jpg
317,3_test_imagesa/9b5e2872_819b_4a7e_aeba_15826af3febe.JPG
318,3_test_imagesa/e6c4ce58_d633_42ef_a160_e736d9d6475f.jpg
319,3_test_imagesa/fd75e8a5_d7ae_4170_87d0_57185d137306.jpg
320,3_test_imagesa/4a684e53_04e5_40eb_a5f5_012ce1644df7.JPG
321,3_test_imagesa/a94369ea_b686_4dc9_835f_218db2e8cf40.jpg
322,3_test_imagesa/def10733_4234_49de_89e3_ec2e798ed5f7.jpg
323,3_test_imagesa/1a0f86e7_402b_4938_a991_da66a4f7ea22.jpg
324,3_test_imagesa/2eef37ee_a008_4b5e_941b_b11cb4c2bd57.jpg
325,3_test_imagesa/3614cf9d_e861_4246_bd1c_a4369eb98c3d.jpg
326,3_test_imagesa/d8ac6240_79b6_49d5_a1ec_f291eeb1879b.JPG
327,3_test_imagesa/c7ee1ddb_1cd6_4254_9c0c_f65c365b58ff.jpg
328,3_test_imagesa/841e5d1b_6036_4546_9877_c53b6a3cc444.jpg
329,3_test_imagesa/f97e2e9a_7ec5_42d3_ad3c_b583f9c640f3.jpg
330,3_test_imagesa/46a5e546_7d5b_4d8b_9c9b_0c18acf9ae8d.jpg
331,3_test_imagesa/15276245_4b71_4056_bc2f_932d130ed7a8.jpg
332,3_test_imagesa/0aaaf6fe_b6ba_4e67_81a0_c25cb93f2dba.jpg
333,3_test_imagesa/6b3a462b_8e29_4ad5_9c8f_a59bb9432698.jpg
334,3_test_imagesa/e2ddb2e7_1a01_45c5_85dc_bf3918e1b501.jpg
335,3_test_imagesa/ce671282_1f3c_47bf_ad03_7f7c688fda66.JPG
336,3_test_imagesa/51147c65_e9ac_47a2_b3c0_ad4146123d66.JPG
337,3_test_imagesa/2b249a6f_6702_4e32_a510_9279bd2fc87c.jpg
338,3_test_imagesa/431741b0_f90d_4c9c_83e1_a827bcfc2019.jpg
339,3_test_imagesa/6d6705f3_b3b3_4633_a826_a756e81b2c49.JPG
340,3_test_imagesa/8a53c474_2e52_48fa_bb41_27ce5ae45032.jpg
341,3_test_imagesa/a995d4bf_9995_434c_9d66_a30ec7303ef5.jpg
342,3_test_imagesa/e3e93679_6749_4b7f_8dc4_6e103afc4504.jpg
343,3_test_imagesa/c11e096d_da91_4a20_88f8_717a3d9f601e.jpg
344,3_test_imagesa/aa347052_df32_4385_bdd6_08efa2ac7216.jpg
345,3_test_imagesa/16c3b45c_3437_4e9d_b635_058d4aef8c7d.jpg
346,3_test_imagesa/23cdf295_4827_4fe6_af1f_07645e69e167.jpg
347,3_test_imagesa/ac1da0d2_d67c_4766_abee_d9efed9096e5.jpg
348,3_test_imagesa/91741a34_0d8e_4474_bc7f_f14669b70785.png
349,3_test_imagesa/a97f4cad_7a0b_4b08_8bec_d94e709bcfa1.JPG
350,3_test_imagesa/4046805d_65e3_429f_90ba_fb7929f35df3.JPG
351,3_test_imagesa/539a2a57_0126_449d_b74b_015da1b105a0.jpg
352,3_test_imagesa/e1a4e765_fa40_4289_b6c3_3e289709d07c.jpg
353,3_test_imagesa/7a319ec7_da92_413a_ae50_1e9b2d669a2a.jpg
354,3_test_imagesa/716e90ac_4969_4e7b_9c30_186bf20a1dac.jpg
355,3_test_imagesa/1ab96007_5b91_45f6_99aa_0bae62d50aac.JPG
356,3_test_imagesa/056d26ec_a8be_4363_bbb5_b3ca80983e71.jpg
357,3_test_imagesa/e4da7692_eba4_4f51_a5f7_14f3dda82d96.jpg
358,3_test_imagesa/d2659229_fe50_45ca_9d1b_bf39bd80af27.jpg
359,3_test_imagesa/4d7ec714_1e00_4e5b_902c_2112d8b6f042.jpg
360,3_test_imagesa/eab65e40_5bd7_4979_923d_62f3d75e7acd.jpg
361,3_test_imagesa/9de867b9_80b2_4f6c_aa9f_f08290fc30e1.jpg
362,3_test_imagesa/727c0f4f_654c_4ff6_b7b5_c1854e1ed933.jpg
363,3_test_imagesa/729fa4e9_0466_452e_a0fd_ab195b6de403.JPG
364,3_test_imagesa/d797bdc6_0f18_4d22_8664_fc7b004c707f.jpg
365,3_test_imagesa/e5bd62ef_ccba_410e_932d_13ca85fdd8c1.jpg
366,3_test_imagesa/571fc15a_4132_4336_af28_848626be6f96.jpg
367,3_test_imagesa/f649b696_1f62_4189_8346_605487afd7f4.jpg
368,3_test_imagesa/e44c187d_fca7_43c9_aba6_67ed303e29de.JPG
369,3_test_imagesa/a4a92841_4e06_4a04_9971_51fe14633162.jpg
370,3_test_imagesa/cbf9f7e4_a975_410e_82d2_8e415b421f58.jpg
371,3_test_imagesa/d0cd923d_2d81_4010_b719_2a3b5e1a7159.jpg
372,3_test_imagesa/515961bb_9774_4e3c_9356_7c9935618a10.jpg
373,3_test_imagesa/600dff90_18f0_45d7_8446_28aaa830c66c.jpg
374,3_test_imagesa/ad734a0e_d407_453e_a03c_354f6baf25a1.jpg
375,3_test_imagesa/a3799537_d347_4c67_b1ab_7a30b2a5a41a.jpg
376,3_test_imagesa/58d61ec3_adc6_47aa_970f_ef2d0082e366.png
377,3_test_imagesa/c94c3783_705a_4649_94d8_56bf2100b90b.JPG
378,3_test_imagesa/ca51bbcf_b086_44e9_98ef_b1d369f67694.jpg
379,3_test_imagesa/b22f35ce_4679_4d16_8a43_89d7aaa36161.JPG
380,3_test_imagesa/58807d1c_d471_40df_b61d_08a8f109af60.jpg
381,3_test_imagesa/534673c0_7e3c_4eb0_af36_10f5f8db68a0.jpg
382,3_test_imagesa/c924bf41_7250_4827_986d_34c58ce20fd7.jpg
383,3_test_imagesa/2d05a392_fd96_47fb_96c1_bd346a54964e.JPG
384,3_test_imagesa/8c9ad89a_40e9_4b41_80b5_1fb9219ad626.JPG
385,3_test_imagesa/bf2c86d2_0d46_4aa5_b6cd_60a875e657d7.JPG
386,3_test_imagesa/4695e367_c787_41e2_a7bd_42033d2f0bb8.jpg
387,3_test_imagesa/e2a7d092_ea72_4cdf_bffe_2c84f6edf750.JPG
388,3_test_imagesa/f73f8bbb_7878_4c0b_9e68_255b700f90b1.JPG
389,3_test_imagesa/0ada033f_0495_4d55_96d3_45dd8821dee7.JPG
390,3_test_imagesa/64f0de16_ecb5_4b74_a7ff_2b8225174e9a.jpg
391,3_test_imagesa/fe1b1eb2_7dea_4a5c_be73_603067558294.jpg
392,3_test_imagesa/7b419013_8db7_4d8c_aafc_f93fadb7bfb6.jpg
393,3_test_imagesa/c36e7c24_9bef_4a53_9ed8_74a541cdaa7f.jpg
394,3_test_imagesa/c61d867e_8e3a_44a5_9fbd_2315c971c052.jpg
395,3_test_imagesa/9bf514ce_615b_4732_9ed4_2b0a1f41a712.JPG
396,3_test_imagesa/6acad355_32c9_4d44_b846_7a7ba8e70384.jpg
397,3_test_imagesa/590db980_6c84_4330_82eb_898f14418b5b.jpg
398,3_test_imagesa/e4e7f48b_25ef_4b54_a1b8_9ddd8e36677f.jpg
399,3_test_imagesa/da58ab84_cd69_454a_8152_eb9a170cdbf4.jpg
400,3_test_imagesa/08a85319_789b_414b_8a9c_33a278e1b216.jpg
401,3_test_imagesa/2597dd6b_6b3e_401b_a9e6_e00fc7bbe825.jpg
402,3_test_imagesa/66345229_d0f6_43b8_bc89_ee43a2044101.jpg
403,3_test_imagesa/e4f0d45b_57f1_4588_9d69_c776eec657c0.jpg
404,3_test_imagesa/78866c3e_b5c2_4e20_919a_ae30bfc89079.JPG
405,3_test_imagesa/e10be2f8_8e1c_4993_8650_83f11588b6c1.JPG
406,3_test_imagesa/7df836f3_d78a_4e51_a27f_13911deb6fda.jpg
407,3_test_imagesa/dcfab9e7_b6f7_4d4c_ab24_f426a84f4c61.JPG
408,3_test_imagesa/2429daa2_17f0_4a11_96a2_2d95f8e3c3bd.jpg
409,3_test_imagesa/bd608ff7_6d20_4f98_862c_39f888a24a48.JPG
410,3_test_imagesa/4ddc31e6_8c78_464b_a36b_5ae5d7550a7b.JPG
411,3_test_imagesa/53f68f81_c7e4_4d58_bdb1_cb48709a765b.jpg
412,3_test_imagesa/b95b1da9_89fc_4e62_a1b6_7e9923765871.JPG
413,3_test_imagesa/2229ef8b_bc02_4b54_ad9d_c4d4b2bca4d1.JPG
414,3_test_imagesa/00bb4828_2eae_4686_be07_03b186fa3595.jpg
415,3_test_imagesa/fca623dc_49a4_41bf_8cea_55c936b0fce1.jpg
416,3_test_imagesa/d5188aaf_2bd1_4d56_89b0_ba6e2de25ed3.jpg
417,3_test_imagesa/b8336d48_ebd9_4179_8a4e_2a1274934d0a.jpg
418,3_test_imagesa/89f25df9_79de_4ff3_adb3_7beaa30c7ace.jpg
419,3_test_imagesa/42877a14_28de_40dc_931c_933ea49dfb07.JPG
420,3_test_imagesa/0bf5bcff_ce95_48af_8372_b9f06d6d3c26.jpg
421,3_test_imagesa/3461fa81_d00e_42de_91ee_5f39337824a1.JPG
422,3_test_imagesa/870c0536_44aa_4d0f_9646_f0bf23f3e691.JPG
423,3_test_imagesa/8059c3f6_22ce_4961_87f0_3c63150c33d5.JPG
424,3_test_imagesa/7f22dafa_9deb_4424_914b_9502f69df9e0.JPG
425,3_test_imagesa/b48494b1_496b_4979_9e8f_09cd2033a5ad.JPG
426,3_test_imagesa/d703a1a1_af09_4eb8_bb01_2db050c17bee.jpg
427,3_test_imagesa/9eb0109d_d7ce_4800_a106_a156c1184a5f.JPG
428,3_test_imagesa/a39d64bf_974b_47de_9d72_809f169292c5.png
429,3_test_imagesa/0f0874a9_6e8e_4d86_9e22_ffd5edc4b003.jpg
430,3_test_imagesa/c5f492c3_b8e7_472c_83cf_79803079ac78.JPG
431,3_test_imagesa/3803d99c_11f3_4471_8c6f_2607c73e413d.jpg
432,3_test_imagesa/b5dad20a_4c0a_4280_9ecc_17a6d9be5ebd.jpg
433,3_test_imagesa/179fb456_d38c_4649_be62_2d0998032230.jpg
434,3_test_imagesa/98b75ef0_c153_49e7_b91b_1e2f991ee1ff.JPG
435,3_test_imagesa/20b163de_e471_49ca_9add_bf47a0eea61f.JPG
436,3_test_imagesa/eb3d3678_1910_42d6_a805_c896a1c40f93.jpg
437,3_test_imagesa/bc9e57af_b743_4dde_9c08_11f14c7e0fbe.jpg
438,3_test_imagesa/3f25f84c_cd69_4993_984c_e209de2ce32d.JPG
439,3_test_imagesa/4b621568_4971_4a80_9d44_1d2e43986050.jpg
440,3_test_imagesa/b4346fc5_0e7f_44ab_be7a_c7e8b27da126.jpg
441,3_test_imagesa/9f10723c_36c3_4749_ab42_05ea5586ec22.JPG
442,3_test_imagesa/1d136ccb_2818_4750_910d_aff6d380cdbb.JPG
443,3_test_imagesa/f23617f5_801a_489a_b92d_e039defbf72b.JPG
444,3_test_imagesa/b8820661_e528_44c0_b84d_a23e2aa1fdd1.jpg
445,3_test_imagesa/412e8d54_0508_430c_9220_5563953025d7.jpg
446,3_test_imagesa/731a626c_e72c_41c1_9965_e732ba5bd14c.jpg
447,3_test_imagesa/7d8fda20_2fc5_42e3_acd1_cf54d21b8610.jpg
448,3_test_imagesa/de805dd9_30c7_4abe_b0fb_8071861c9b14.JPG
449,3_test_imagesa/5810dc1f_a2eb_4847_97ce_c56467610190.jpg
450,3_test_imagesa/4f7b796e_d61e_4ba1_9cf2_8d21c58ed0cd.JPG
451,3_test_imagesa/6968638a_101e_4111_9026_98f4ea1d6881.JPG
452,3_test_imagesa/af8e1d81_f799_4899_adfd_ff780e33f5a8.jpg
453,3_test_imagesa/e9042d8f_8b36_48a9_aa7b_3be365821330.jpg
454,3_test_imagesa/a9904e8f_de86_4b3d_ae8d_660f481dea22.jpg
455,3_test_imagesa/7ca6bb4b_ecc6_44d2_b20f_739d4b27c1db.JPG
456,3_test_imagesa/9ff77e40_bbaa_455a_b233_27f668a08f10.jpg
457,3_test_imagesa/c597eec0_32f0_40c4_b333_16e65ebc4195.jpg
458,3_test_imagesa/ce29f164_ba61_419e_bceb_17138318868c.JPG
459,3_test_imagesa/df248826_42fe_4c24_9ecc_a13f0edc79fd.JPG
460,3_test_imagesa/9ebbdca7_c44c_4109_85b5_5bee2030a67b.jpg
461,3_test_imagesa/aaf29140_2c9a_4bf1_8cb3_818c7d41cb62.jpg
462,3_test_imagesa/640c02d5_6ce3_432f_acc3_35fbf5815590.JPG
463,3_test_imagesa/94813b28_531b_457f_a1dd_36428906fda1.jpg
464,3_test_imagesa/e907b030_c8ab_4e29_8b30_53be91bd097c.jpg
465,3_test_imagesa/190eaf6b_76d3_4bc0_a9bc_6f02a3069a48.JPG
466,3_test_imagesa/7a046ed0_c7b0_4d6f_90b8_f9062bc58ded.JPG
467,3_test_imagesa/e97d5689_05aa_4fd9_a345_fa7957f0e129.JPG
468,3_test_imagesa/78552531_9444_4195_ab33_1c5b998cdb4a.jpg
469,3_test_imagesa/14d4f0b0_5d5b_44fb_8fdf_a8f5bdf2a821.jpg
470,3_test_imagesa/0012378f_4dce_4204_8e13_4ff631742927.JPG
471,3_test_imagesa/05b613e4_ef2f_4a55_aa4f_7570f6c975d3.jpg
472,3_test_imagesa/c7d59085_12a4_4573_af6f_63839f71a65a.jpg
473,3_test_imagesa/1dce83c2_97cc_4ec6_867a_d2506ff8b80f.jpg
474,3_test_imagesa/aea5161f_7f00_4a29_b1e4_75d0e429d49d.jpg
475,3_test_imagesa/322a55a5_bfc4_4a6e_b378_ace626ce69b3.jpg
476,3_test_imagesa/cef90e36_c6a6_4c64_b461_8c8ef33cd847.jpg
477,3_test_imagesa/1cd83487_5984_4638_a440_673e5401aa5f.jpg
478,3_test_imagesa/277effa6_40f0_4ff4_b091_f1bd896725f0.JPG
479,3_test_imagesa/d053b024_4bff_4bb3_8ccc_5a2ed0b342c7.jpg
480,3_test_imagesa/71300416_6994_4a61_90c9_125e72d738c1.JPG
481,3_test_imagesa/563c9688_b70b_4425_b8ef_726016c7788e.jpg
482,3_test_imagesa/567e8b11_8f99_45b2_9181_dfd026a6b9f2.jpg
483,3_test_imagesa/9ef27b72_05c7_48dc_bbce_ed87854495f0.jpg
484,3_test_imagesa/644ad9b1_de8a_4666_92cc_49bcbe678598.jpg
485,3_test_imagesa/2f4ddcd4_77c7_4be8_b07e_852f115b7554.jpg
486,3_test_imagesa/ddf9d3bc_135f_40d8_82eb_c05d3a7fafa6.jpg
487,3_test_imagesa/a834c2d7_b280_457e_94a4_b37c93fefb35.JPG
488,3_test_imagesa/706f6ac7_1141_488f_97fa_ed4b1a5d50c0.png
489,3_test_imagesa/f95ea635_5c88_4bc4_b43b_40a8671473aa.JPG
490,3_test_imagesa/529eb203_56d3_4071_86c8_26f9a2ce9b31.JPG
491,3_test_imagesa/78e7719a_0b64_4911_8bca_d0dd5222f803.jpg
492,3_test_imagesa/d8dc9d6b_a4ed_45a0_b1fd_f36382cbceb9.jpg
493,3_test_imagesa/57179306_cba4_4427_b09d_749ac2f6b813.jpg
494,3_test_imagesa/c82461e4_5faa_4180_9354_ccd46a64aef1.jpg
495,3_test_imagesa/898878fe_80dd_4395_808b_4f68b3830bf1.jpg
496,3_test_imagesa/3e2b70e4_eae3_4c4d_8f1f_908792549048.jpg
497,3_test_imagesa/eee1ca9c_87c6_4a1b_88ef_b76a4d2a1a60.JPG
498,3_test_imagesa/cbb80136_aea3_48b0_8b08_2f9b6c63b3bc.jpg
499,3_test_imagesa/528812e6_50a3_4975_b606_e0ec7a8c9cf6.JPG
500,3_test_imagesa/50dca60f_beeb_419f_9009_5eca4ace4acf.jpg
501,3_test_imagesa/c7951786_a66d_48e2_aaf2_29855e7b889d.jpg
502,3_test_imagesa/b8889c1e_d37a_4d1a_a897_bf46437dd065.JPG
503,3_test_imagesa/e30e21a2_87fe_4c4c_bdbf_5657236afc0b.JPG
504,3_test_imagesa/747a07e3_b31d_4131_a9bc_7ffb2592db58.jpg
505,3_test_imagesa/afe18b06_0fdc_4ff6_8caa_c4f0507c6e34.PNG
506,3_test_imagesa/a04ac306_955a_41cc_acee_ec86c92b7c25.jpg
507,3_test_imagesa/7c3c678a_de64_4a9b_98e2_078edc04fce3.jpg
508,3_test_imagesa/c2c894f0_8e08_4e47_88b6_09f9c9489e90.jpg
509,3_test_imagesa/d08e70dc_b51b_45af_9615_975ebc5c5a0d.jpg
510,3_test_imagesa/3f328778_74d1_4683_ae4e_2690122a446c.JPG
511,3_test_imagesa/fd54804a_304a_478a_994b_c9830117e0b4.jpg
512,3_test_imagesa/1405f8e1_b078_420c_956c_d5269c654c0b.JPG
513,3_test_imagesa/960bf8fb_c6c3_421b_8259_c91c86ae040a.jpg
514,3_test_imagesa/70c588e8_44ec_419e_8674_d2279168181d.JPG
515,3_test_imagesa/cfa0b456_bd82_4b67_ac8b_21f35e015bcb.jpg
516,3_test_imagesa/207c90fc_c099_4a7e_a7b8_eb2db026a77a.jpg
517,3_test_imagesa/d25544e0_8872_4d4b_a936_d98cc6c4baec.jpg
518,3_test_imagesa/54cdbe4f_bbef_439f_b1bb_05583895f1e7.jpg
519,3_test_imagesa/adc461bb_021e_4135_ae94_e4818561c0f5.jpg
520,3_test_imagesa/5e36cca1_72d9_4484_a537_a0ac72623c28.jpg
521,3_test_imagesa/03621be7_976f_486c_aebd_a44b40478d18.jpg
522,3_test_imagesa/e4959189_c59a_4669_aaff_a09154433a4a.jpg
523,3_test_imagesa/fb2b5518_1ad6_444d_b8cd_f72d3c7e2078.jpg
524,3_test_imagesa/148cfc3f_bb43_4838_a454_bfc7fbefa4d4.jpg
525,3_test_imagesa/8a490259_ff86_456e_90bb_258eaa3287ac.jpg
526,3_test_imagesa/c292bf88_834c_4b87_b99c_2912819c8349.jpg
527,3_test_imagesa/5478462b_c4b7_4635_b401_95d3426aab9d.jpg
528,3_test_imagesa/5ff2f18e_f24c_4fdd_985e_24c8610d7818.jpg
529,3_test_imagesa/2561e8d3_1675_4af9_ad52_a39250b66069.jpg
530,3_test_imagesa/8ab7dfc1_9a22_4365_92ac_6a2db4a59440.JPG
531,3_test_imagesa/9a3ca7ab_f3ef_4555_a0a2_d92e5dd138ca.jpg
532,3_test_imagesa/9c85acd9_7719_469c_a80e_d4d46120459e.jpg
533,3_test_imagesa/50898ece_628a_4735_a5c3_fe8c361da719.jpg
534,3_test_imagesa/d1851c36_5782_4817_8686_ef252b755ecb.jpg
535,3_test_imagesa/897c4c42_cc9f_4681_805f_2d8ef8599ac6.jpg
536,3_test_imagesa/bb009d76_e189_42f9_83ba_5b1a17780d30.jpg
537,3_test_imagesa/fd72a9de_d8c9_42b5_ada6_389f83fddf49.jpg
538,3_test_imagesa/eb246bf3_b29e_490a_a0a5_3e1c7279421b.jpg
539,3_test_imagesa/cbb2c01b_09ca_4c4e_8f0c_3b3ab898968c.JPG
540,3_test_imagesa/32e49def_c6b8_45a6_85d6_12eb1218f975.jpg
541,3_test_imagesa/b6d42591_5ba5_4c3b_912b_0a2f4ba424de.JPG
542,3_test_imagesa/e6b0e25d_5434_4794_9dee_b9e18a8b0791.jpg
543,3_test_imagesa/36386588_1bd0_4602_ae25_6eca8e15f579.jpg
544,3_test_imagesa/c118d01b_3245_4b15_9b72_33bc3382e96d.jpg
545,3_test_imagesa/6f1cca81_ae92_4df6_8c79_748eebc8df97.jpg
546,3_test_imagesa/978c2e9b_80ae_4fc3_9bd6_b304e8a40793.jpg
547,3_test_imagesa/b26e5020_a6ba_47bc_8662_914c2f7796b5.jpg
548,3_test_imagesa/232b2606_dfa3_4d80_acdd_a9bbf6d8fe98.png
549,3_test_imagesa/c1619719_e516_4d39_a407_37b750bb4603.JPG
550,3_test_imagesa/4bab5c4d_4ae4_42e4_b2d4_4ae499b0822b.jpg
551,3_test_imagesa/9bdc2cf4_4fc1_4b47_ac69_5db82ed6e2db.jpg
552,3_test_imagesa/08c3d4e2_942e_4da4_8a20_638f39438280.jpg
553,3_test_imagesa/32810fc6_9478_43a7_9120_dc52fe60eed7.JPG
554,3_test_imagesa/9e100be9_5fab_48c8_8fc2_f592e730a9ef.jpg
555,3_test_imagesa/86c61fd9_4449_4f61_bba8_e920251912c4.JPG
556,3_test_imagesa/e0cd68b6_1be3_43ed_a464_0a79c7b4e839.JPG
557,3_test_imagesa/b6e100bf_9cbb_4d2b_a924_e61af3eb7647.jpg
558,3_test_imagesa/720350cd_326c_4df1_aa8e_8584de78014f.JPG
559,3_test_imagesa/324d9c5c_f48e_404f_974d_530664659979.jpg
560,3_test_imagesa/677f4691_7cf2_4d1a_b915_30ad3410d3ea.jpg
561,3_test_imagesa/02efc649_1f2c_46f3_b3f1_7175352b0721.jpg
562,3_test_imagesa/a4a7b999_6e6b_49fe_848f_931e99664cd8.jpg
563,3_test_imagesa/0877d4d4_f668_46dc_a41e_87b6e788d385.JPG
564,3_test_imagesa/90dd2f98_bf5a_44f6_8b34_2f10e0edc760.jpg
565,3_test_imagesa/d8a3a957_55bd_4e24_979f_49d18577b0e8.jpg
566,3_test_imagesa/a491581d_ed47_43cb_bbbf_c0d51ed163e9.jpg
567,3_test_imagesa/610f6d3f_4ec8_412c_837d_2b6a6a3c14ed.jpg
568,3_test_imagesa/eb577752_0a3c_4996_a94c_739b7b9f7e89.jpg
569,3_test_imagesa/7155bacc_a549_428d_b3db_3db9aae57074.JPG
570,3_test_imagesa/1d6d6f68_8279_4f44_a676_16726a939df0.jpg
571,3_test_imagesa/a734c365_f0fa_416b_8129_0af56a93c7e3.jpg
572,3_test_imagesa/aa854679_7dd7_49d0_9e27_ffd0db0f3f28.jpg
573,3_test_imagesa/053975b2_e20e_47ec_87d4_d59c99f750c2.jpg
574,3_test_imagesa/97beccdb_fbc1_460a_ad8c_2ad6724452d3.JPG
575,3_test_imagesa/26a167c3_150d_402e_88a3_a974395625dc.jpg
576,3_test_imagesa/9b67fa41_0b7b_44e4_95a4_59a48c49722a.jpg
577,3_test_imagesa/acb604a5_4aae_495e_8b9c_8ae1bff2f5a9.jpg
578,3_test_imagesa/5b98c5c3_0327_4c09_9988_ae072f3c2504.JPG
579,3_test_imagesa/984b7a14_34fb_4362_be6c_9d5285b0470d.JPG
580,3_test_imagesa/e7fedfb9_20e0_46b5_8c7b_eebb90775f8c.JPG
581,3_test_imagesa/06558b6c_bea8_4573_8a9f_b0323eb7a788.jpg
582,3_test_imagesa/dbff7b9a_07ec_4717_b3be_8bbac717dd4c.jpg
583,3_test_imagesa/4c0d4325_b99d_4c4d_918f_29f1ff1cbedc.jpg
584,3_test_imagesa/606c5d34_6916_4434_bd75_69b9e8fe01cc.jpg
585,3_test_imagesa/12a170e7_ba66_4ef3_9204_2c76b490b0db.JPG
586,3_test_imagesa/86924d26_a38f_4ee5_b80a_26a49074670e.JPG
587,3_test_imagesa/33693a77_c5c8_46b3_a2cc_2282f368a7ad.JPG
588,3_test_imagesa/91dbc1db_9a0e_4575_9601_844566eeba5c.jpg
589,3_test_imagesa/bfd9caa1_c158_48a1_ab1c_8e793fd89a6a.JPG
590,3_test_imagesa/81f41fde_9703_43ce_bcbd_7d5d492947b7.JPG
591,3_test_imagesa/e83e2715_f3e4_4e73_97ea_4f7da039ce95.jpg
592,3_test_imagesa/82c1a727_42b1_470d_8bd4_562167a213a7.JPG
593,3_test_imagesa/92c2e320_cf02_4d2a_a255_71c526dbf51f.JPG
594,3_test_imagesa/307a6c96_a4c4_42b4_95ac_957be195ecb5.JPG
595,3_test_imagesa/4aff4b59_5d75_40d4_80dc_41f42074adb6.JPG
596,3_test_imagesa/818a0953_365a_4d57_8955_28d0a0cdd958.jpg
597,3_test_imagesa/6f6e5715_8d8b_4a5a_8662_804fbc148c5a.JPG
598,3_test_imagesa/15b6388e_4010_41e5_84de_e4ff08a2428c.JPG
599,3_test_imagesa/116229e3_0eff_46b0_bdd5_d7ca6d9dfaca.jpg
